{"cameraMode":{"drawMode":0,"name":"Shaded","section":"Shading Mode"},"sceneLighting":true,"audioPlay":false,"sceneViewState":{"m_AlwaysRefresh":false,"showFog":true,"showSkybox":true,"showFlares":true,"showImageEffects":true,"showParticleSystems":true,"showVisualEffectGraphs":true,"m_FxEnabled":true},"in2DMode":false,"pivot":{"x":160.02371215820313,"y":128.68417358398438,"z":0.00000762939453125},"rotation":{"x":-0.023996736854314805,"y":-0.008997284807264805,"z":-0.00021597636805381626,"w":0.9996715784072876},"size":162.81134033203126,"orthographic":false}